,日期,美元／新台幣
0,2016/01/11,33.651
1,2016/01/12,33.667
2,2016/01/13,33.625
3,2016/01/14,33.742
4,2016/01/15,33.802
5,2016/01/18,33.818
6,2016/01/19,33.82
7,2016/01/20,33.826
8,2016/01/21,33.838
9,2016/01/22,33.705
10,2016/01/25,33.622
11,2016/01/26,33.725
12,2016/01/27,33.71
13,2016/01/28,33.743
14,2016/01/29,33.6
15,2016/01/30,33.65
16,2016/02/01,33.67
17,2016/02/02,33.68
18,2016/02/03,33.808
19,2016/02/15,33.421
20,2016/02/16,33.453
21,2016/02/17,33.505
22,2016/02/18,33.525
23,2016/02/19,33.561
24,2016/02/22,33.567
25,2016/02/23,33.485
26,2016/02/24,33.49
27,2016/02/25,33.496
28,2016/02/26,33.492
29,2016/03/01,33.436
30,2016/03/02,33.37
31,2016/03/03,33.179
32,2016/03/04,33.101
33,2016/03/07,33.01
34,2016/03/08,33.062
35,2016/03/09,33.225
36,2016/03/10,33.08
37,2016/03/11,32.95
38,2016/03/14,32.87
39,2016/03/15,32.918
40,2016/03/16,32.95
41,2016/03/17,32.706
42,2016/03/18,32.52
43,2016/03/21,32.545
44,2016/03/22,32.525
45,2016/03/23,32.625
46,2016/03/24,32.726
47,2016/03/25,32.766
48,2016/03/28,32.72
49,2016/03/29,32.695
50,2016/03/30,32.425
51,2016/03/31,32.282
52,2016/04/01,32.378
53,2016/04/06,32.442
54,2016/04/07,32.402
55,2016/04/08,32.45
56,2016/04/11,32.45
57,2016/04/12,32.382
58,2016/04/13,32.35
59,2016/04/14,32.436
60,2016/04/15,32.348
61,2016/04/18,32.402
62,2016/04/19,32.265
63,2016/04/20,32.248
64,2016/04/21,32.296
65,2016/04/22,32.33
66,2016/04/25,32.361
67,2016/04/26,32.363
68,2016/04/27,32.345
69,2016/04/28,32.279
70,2016/04/29,32.281
71,2016/05/03,32.205
72,2016/05/04,32.356
73,2016/05/05,32.377
74,2016/05/06,32.412
75,2016/05/09,32.417
76,2016/05/10,32.533
77,2016/05/11,32.528
78,2016/05/12,32.542
79,2016/05/13,32.626
80,2016/05/16,32.705
81,2016/05/17,32.63
82,2016/05/18,32.705
83,2016/05/19,32.802
84,2016/05/20,32.752
85,2016/05/23,32.656
86,2016/05/24,32.72
87,2016/05/25,32.652
88,2016/05/26,32.576
89,2016/05/27,32.528
90,2016/05/30,32.68
91,2016/05/31,32.63
92,2016/06/01,32.622
93,2016/06/02,32.612
94,2016/06/03,32.605
95,2016/06/04,32.506
96,2016/06/06,32.402
97,2016/06/07,32.339
98,2016/06/08,32.225
99,2016/06/13,32.435
100,2016/06/14,32.423
101,2016/06/15,32.441
102,2016/06/16,32.391
103,2016/06/17,32.385
104,2016/06/20,32.256
105,2016/06/21,32.258
106,2016/06/22,32.221
107,2016/06/23,32.19
108,2016/06/24,32.502
109,2016/06/27,32.533
110,2016/06/28,32.435
111,2016/06/29,32.343
112,2016/06/30,32.286
113,2016/07/01,32.218
114,2016/07/04,32.208
115,2016/07/05,32.282
116,2016/07/06,32.407
117,2016/07/07,32.306
118,2016/07/11,32.215
119,2016/07/12,32.22
120,2016/07/13,32.183
121,2016/07/14,32.073
122,2016/07/15,31.99
123,2016/07/18,32.024
124,2016/07/19,31.991
125,2016/07/20,32.051
126,2016/07/21,32.06
127,2016/07/22,32.07
128,2016/07/25,32.14
129,2016/07/26,32.106
130,2016/07/27,32.068
131,2016/07/28,31.955
132,2016/07/29,31.926
133,2016/08/01,31.64
134,2016/08/02,31.68
135,2016/08/03,31.75
136,2016/08/04,31.71
137,2016/08/05,31.57
138,2016/08/08,31.512
139,2016/08/09,31.455
140,2016/08/10,31.225
141,2016/08/11,31.326
142,2016/08/12,31.403
143,2016/08/15,31.37
144,2016/08/16,31.28
145,2016/08/17,31.452
146,2016/08/18,31.41
147,2016/08/19,31.618
148,2016/08/22,31.82
149,2016/08/23,31.706
150,2016/08/24,31.772
151,2016/08/25,31.67
152,2016/08/26,31.672
153,2016/08/29,31.801
154,2016/08/30,31.72
155,2016/08/31,31.726
156,2016/09/01,31.736
157,2016/09/02,31.703
158,2016/09/05,31.506
159,2016/09/06,31.412
160,2016/09/07,31.24
161,2016/09/08,31.286
162,2016/09/09,31.51
163,2016/09/10,31.552
164,2016/09/12,31.716
165,2016/09/13,31.706
166,2016/09/14,31.689
167,2016/09/19,31.45
168,2016/09/20,31.367
169,2016/09/21,31.43
170,2016/09/22,31.4
171,2016/09/23,31.33
172,2016/09/26,31.432
173,2016/09/29,31.356
174,2016/09/30,31.366
175,2016/10/03,31.33
176,2016/10/04,31.347
177,2016/10/05,31.371
178,2016/10/06,31.403
179,2016/10/07,31.48
180,2016/10/11,31.613
181,2016/10/12,31.629
182,2016/10/13,31.76
183,2016/10/14,31.672
184,2016/10/17,31.77
185,2016/10/18,31.669
186,2016/10/19,31.518
187,2016/10/20,31.53
188,2016/10/21,31.63
189,2016/10/24,31.683
190,2016/10/25,31.616
191,2016/10/26,31.558
192,2016/10/27,31.637
193,2016/10/28,31.639
194,2016/10/31,31.58
195,2016/11/01,31.568
196,2016/11/02,31.564
197,2016/11/03,31.468
198,2016/11/04,31.473
199,2016/11/07,31.519
200,2016/11/08,31.507
201,2016/11/09,31.459
202,2016/11/10,31.589
203,2016/11/11,31.801
204,2016/11/14,31.949
205,2016/11/15,31.87
206,2016/11/16,31.848
207,2016/11/17,31.868
208,2016/11/18,32.01
209,2016/11/21,32.0
210,2016/11/22,31.945
211,2016/11/23,31.88
212,2016/11/24,31.927
213,2016/11/25,31.942
214,2016/11/28,31.802
215,2016/11/29,31.818
216,2016/11/30,31.89
217,2016/12/01,31.892
218,2016/12/02,31.923
219,2016/12/05,31.995
220,2016/12/06,31.952
221,2016/12/07,31.902
222,2016/12/08,31.752
223,2016/12/09,31.86
224,2016/12/12,31.864
225,2016/12/13,31.822
226,2016/12/14,31.803
227,2016/12/15,31.923
228,2016/12/16,31.967
229,2016/12/19,31.97
230,2016/12/20,32.005
231,2016/12/21,32.02
232,2016/12/22,32.03
233,2016/12/23,32.17
234,2016/12/26,32.25
235,2016/12/27,32.281
236,2016/12/28,32.309
237,2016/12/29,32.312
238,2016/12/30,32.279
239,2017/01/03,32.245
240,2017/01/04,32.26
241,2017/01/05,31.962
242,2017/01/06,31.993
243,2017/01/09,32.106
244,2017/01/10,31.948
245,2017/01/11,31.935
246,2017/01/12,31.78
247,2017/01/13,31.602
248,2017/01/16,31.702
249,2017/01/17,31.603
250,2017/01/18,31.586
251,2017/01/19,31.623
252,2017/01/20,31.533
253,2017/01/23,31.431
254,2017/01/24,31.382
255,2017/02/02,31.101
256,2017/02/03,31.05
257,2017/02/06,30.943
258,2017/02/07,31.048
259,2017/02/08,31.128
260,2017/02/09,31.046
261,2017/02/10,31.051
262,2017/02/13,31.03
263,2017/02/14,30.868
264,2017/02/15,30.765
265,2017/02/16,30.792
266,2017/02/17,30.776
267,2017/02/18,30.796
268,2017/02/20,30.804
269,2017/02/21,30.793
270,2017/02/22,30.779
271,2017/02/23,30.745
272,2017/02/24,30.65
273,2017/03/01,30.76
274,2017/03/02,30.795
275,2017/03/03,31.02
276,2017/03/06,30.982
277,2017/03/07,30.85
278,2017/03/08,30.865
279,2017/03/09,31.02
280,2017/03/10,31.036
281,2017/03/13,30.916
282,2017/03/14,30.966
283,2017/03/15,30.84
284,2017/03/16,30.657
285,2017/03/17,30.566
286,2017/03/20,30.527
287,2017/03/21,30.458
288,2017/03/22,30.503
289,2017/03/23,30.488
290,2017/03/24,30.488
291,2017/03/27,30.25
292,2017/03/28,30.17
293,2017/03/29,30.285
294,2017/03/30,30.315
295,2017/03/31,30.336
296,2017/04/05,30.381
297,2017/04/06,30.56
298,2017/04/07,30.601
299,2017/04/10,30.652
300,2017/04/11,30.65
301,2017/04/12,30.556
302,2017/04/13,30.325
303,2017/04/14,30.4
304,2017/04/17,30.35
305,2017/04/18,30.406
306,2017/04/19,30.418
307,2017/04/20,30.408
308,2017/04/21,30.363
309,2017/04/24,30.272
310,2017/04/25,30.152
311,2017/04/26,30.151
312,2017/04/27,30.156
313,2017/04/28,30.218
314,2017/05/02,30.062
315,2017/05/03,30.072
316,2017/05/04,30.14
317,2017/05/05,30.182
318,2017/05/08,30.166
319,2017/05/09,30.258
320,2017/05/10,30.266
321,2017/05/11,30.215
322,2017/05/12,30.201
323,2017/05/15,30.158
324,2017/05/16,30.115
325,2017/05/17,30.14
326,2017/05/18,30.225
327,2017/05/19,30.21
328,2017/05/22,30.052
329,2017/05/23,30.166
330,2017/05/24,30.183
331,2017/05/25,30.084
332,2017/05/26,30.122
333,2017/05/31,30.102
334,2017/06/01,30.117
335,2017/06/02,30.117
336,2017/06/03,30.127
337,2017/06/05,30.09
338,2017/06/06,30.093
339,2017/06/07,30.095
340,2017/06/08,30.105
341,2017/06/09,30.108
342,2017/06/12,30.176
343,2017/06/13,30.227
344,2017/06/14,30.23
345,2017/06/15,30.247
346,2017/06/16,30.381
347,2017/06/19,30.361
348,2017/06/20,30.401
349,2017/06/21,30.471
350,2017/06/22,30.442
351,2017/06/23,30.4
352,2017/06/26,30.335
353,2017/06/27,30.341
354,2017/06/28,30.438
355,2017/06/29,30.37
356,2017/06/30,30.436
357,2017/07/03,30.428
358,2017/07/04,30.528
359,2017/07/05,30.509
360,2017/07/06,30.601
361,2017/07/07,30.61
362,2017/07/10,30.585
363,2017/07/11,30.593
364,2017/07/12,30.49
365,2017/07/13,30.385
366,2017/07/14,30.417
367,2017/07/17,30.419
368,2017/07/18,30.37
369,2017/07/19,30.397
370,2017/07/20,30.457
371,2017/07/21,30.451
372,2017/07/24,30.359
373,2017/07/25,30.36
374,2017/07/26,30.402
375,2017/07/27,30.252
376,2017/07/28,30.302
377,2017/07/31,30.227
378,2017/08/01,30.256
379,2017/08/02,30.252
380,2017/08/03,30.227
381,2017/08/04,30.22
382,2017/08/07,30.234
383,2017/08/08,30.201
384,2017/08/09,30.218
385,2017/08/10,30.309
386,2017/08/11,30.358
387,2017/08/14,30.302
388,2017/08/15,30.317
389,2017/08/16,30.365
390,2017/08/17,30.312
391,2017/08/18,30.332
392,2017/08/21,30.328
393,2017/08/22,30.3
394,2017/08/23,30.29
395,2017/08/24,30.265
396,2017/08/25,30.25
397,2017/08/28,30.162
398,2017/08/29,30.2
399,2017/08/30,30.156
400,2017/08/31,30.203
401,2017/09/01,30.156
402,2017/09/04,30.101
403,2017/09/05,30.07
404,2017/09/06,30.105
405,2017/09/07,30.062
406,2017/09/08,30.006
407,2017/09/11,30.026
408,2017/09/12,30.03
409,2017/09/13,30.056
410,2017/09/14,30.106
411,2017/09/15,30.075
412,2017/09/18,30.108
413,2017/09/19,30.137
414,2017/09/20,30.132
415,2017/09/21,30.208
416,2017/09/22,30.191
417,2017/09/25,30.172
418,2017/09/26,30.216
419,2017/09/27,30.303
420,2017/09/28,30.405
421,2017/09/29,30.336
422,2017/09/30,30.305
423,2017/10/02,30.413
424,2017/10/03,30.45
425,2017/10/05,30.35
426,2017/10/06,30.376
427,2017/10/11,30.232
428,2017/10/12,30.213
429,2017/10/13,30.185
430,2017/10/16,30.158
431,2017/10/17,30.205
432,2017/10/18,30.2
433,2017/10/19,30.23
434,2017/10/20,30.241
435,2017/10/23,30.262
436,2017/10/24,30.27
437,2017/10/25,30.266
438,2017/10/26,30.229
439,2017/10/27,30.277
440,2017/10/30,30.205
441,2017/10/31,30.17
442,2017/11/01,30.175
443,2017/11/02,30.186
444,2017/11/03,30.172
445,2017/11/06,30.204
446,2017/11/07,30.17
447,2017/11/08,30.187
448,2017/11/09,30.18
449,2017/11/10,30.172
450,2017/11/13,30.19
451,2017/11/14,30.18
452,2017/11/15,30.15
453,2017/11/16,30.158
454,2017/11/17,30.101
455,2017/11/20,30.102
456,2017/11/21,30.06
457,2017/11/22,30.02
458,2017/11/23,30.007
459,2017/11/24,30.01
460,2017/11/27,30.006
461,2017/11/28,30.001
462,2017/11/29,29.99
463,2017/11/30,30.01
464,2017/12/01,30.028
465,2017/12/04,30.036
466,2017/12/05,29.993
467,2017/12/06,30.01
468,2017/12/07,30.025
469,2017/12/08,30.015
470,2017/12/11,30.018
471,2017/12/12,30.018
472,2017/12/13,30.026
473,2017/12/14,30.006
474,2017/12/15,29.992
475,2017/12/18,30.006
476,2017/12/19,29.99
477,2017/12/20,29.99
478,2017/12/21,29.988
479,2017/12/22,29.968
480,2017/12/25,29.968
481,2017/12/26,29.945
482,2017/12/27,29.94
483,2017/12/28,29.84
484,2017/12/29,29.848
485,2018/01/02,29.628
486,2018/01/03,29.6
487,2018/01/04,29.59
488,2018/01/05,29.523
489,2018/01/08,29.523
490,2018/01/09,29.536
491,2018/01/10,29.601
492,2018/01/11,29.605
493,2018/01/12,29.6
494,2018/01/15,29.542
495,2018/01/16,29.555
496,2018/01/17,29.56
497,2018/01/18,29.562
498,2018/01/19,29.43
499,2018/01/22,29.432
500,2018/01/23,29.402
501,2018/01/24,29.302
502,2018/01/25,29.069
503,2018/01/26,29.101
504,2018/01/29,29.15
505,2018/01/30,29.24
506,2018/01/31,29.15
507,2018/02/01,29.207
508,2018/02/02,29.235
509,2018/02/05,29.307
510,2018/02/06,29.386
511,2018/02/07,29.27
512,2018/02/08,29.39
513,2018/02/09,29.407
514,2018/02/12,29.4
515,2018/02/21,29.245
516,2018/02/22,29.301
517,2018/02/23,29.306
518,2018/02/26,29.235
519,2018/02/27,29.23
520,2018/03/01,29.318
521,2018/03/02,29.29
522,2018/03/05,29.292
523,2018/03/06,29.287
524,2018/03/07,29.254
525,2018/03/08,29.261
526,2018/03/09,29.3
527,2018/03/12,29.28
528,2018/03/13,29.252
529,2018/03/14,29.257
530,2018/03/15,29.2
531,2018/03/16,29.231
532,2018/03/19,29.201
533,2018/03/20,29.175
534,2018/03/21,29.189
535,2018/03/22,29.153
536,2018/03/23,29.17
537,2018/03/26,29.153
538,2018/03/27,29.135
539,2018/03/28,29.163
540,2018/03/29,29.165
541,2018/03/30,29.12
542,2018/03/31,29.12
543,2018/04/02,29.142
544,2018/04/03,29.148
545,2018/04/09,29.209
546,2018/04/10,29.19
547,2018/04/11,29.201
548,2018/04/12,29.26
549,2018/04/13,29.302
550,2018/04/16,29.425
551,2018/04/17,29.362
552,2018/04/18,29.366
553,2018/04/19,29.34
554,2018/04/20,29.407
555,2018/04/23,29.528
556,2018/04/24,29.616
557,2018/04/25,29.66
558,2018/04/26,29.705
559,2018/04/27,29.636
560,2018/04/30,29.605
561,2018/05/02,29.758
562,2018/05/03,29.742
563,2018/05/04,29.716
564,2018/05/07,29.763
565,2018/05/08,29.783
566,2018/05/09,29.928
567,2018/05/10,29.872
568,2018/05/11,29.773
569,2018/05/14,29.742
570,2018/05/15,29.848
571,2018/05/16,29.892
572,2018/05/17,29.906
573,2018/05/18,29.912
574,2018/05/21,29.992
575,2018/05/22,29.922
576,2018/05/23,29.96
577,2018/05/24,29.915
578,2018/05/25,29.945
579,2018/05/28,29.928
580,2018/05/29,29.988
581,2018/05/30,30.05
582,2018/05/31,29.98
583,2018/06/01,29.864
584,2018/06/04,29.82
585,2018/06/05,29.815
586,2018/06/06,29.738
587,2018/06/07,29.74
588,2018/06/08,29.816
589,2018/06/11,29.821
590,2018/06/12,29.86
591,2018/06/13,29.89
592,2018/06/14,29.938
593,2018/06/15,30.002
594,2018/06/19,30.186
595,2018/06/20,30.17
596,2018/06/21,30.302
597,2018/06/22,30.307
598,2018/06/25,30.403
599,2018/06/26,30.412
600,2018/06/27,30.454
601,2018/06/28,30.586
602,2018/06/29,30.5
603,2018/07/02,30.523
604,2018/07/03,30.586
605,2018/07/04,30.501
606,2018/07/05,30.54
607,2018/07/06,30.5
608,2018/07/09,30.386
609,2018/07/10,30.403
610,2018/07/11,30.481
611,2018/07/12,30.542
612,2018/07/13,30.556
613,2018/07/16,30.575
614,2018/07/17,30.516
615,2018/07/18,30.582
616,2018/07/19,30.632
617,2018/07/20,30.716
618,2018/07/23,30.645
619,2018/07/24,30.72
620,2018/07/25,30.632
621,2018/07/26,30.573
622,2018/07/27,30.592
623,2018/07/30,30.609
624,2018/07/31,30.614
625,2018/08/01,30.616
626,2018/08/02,30.682
627,2018/08/03,30.706
628,2018/08/06,30.63
629,2018/08/07,30.621
630,2018/08/08,30.616
631,2018/08/09,30.626
632,2018/08/10,30.708
633,2018/08/13,30.812
634,2018/08/14,30.807
635,2018/08/15,30.858
636,2018/08/16,30.845
637,2018/08/17,30.802
638,2018/08/20,30.76
639,2018/08/21,30.73
640,2018/08/22,30.73
641,2018/08/23,30.79
642,2018/08/24,30.783
643,2018/08/27,30.772
644,2018/08/28,30.724
645,2018/08/29,30.706
646,2018/08/30,30.711
647,2018/08/31,30.731
648,2018/09/03,30.712
649,2018/09/04,30.766
650,2018/09/05,30.806
651,2018/09/06,30.802
652,2018/09/07,30.776
653,2018/09/10,30.83
654,2018/09/11,30.814
655,2018/09/12,30.825
656,2018/09/13,30.805
657,2018/09/14,30.76
658,2018/09/17,30.805
659,2018/09/18,30.813
660,2018/09/19,30.793
661,2018/09/20,30.795
662,2018/09/21,30.716
663,2018/09/25,30.675
664,2018/09/26,30.697
665,2018/09/27,30.602
666,2018/09/28,30.551
667,2018/10/01,30.525
668,2018/10/02,30.668
669,2018/10/03,30.67
670,2018/10/04,30.792
671,2018/10/05,30.84
672,2018/10/08,30.926
673,2018/10/09,30.968
674,2018/10/11,31.105
675,2018/10/12,30.91
676,2018/10/15,30.94
677,2018/10/16,30.92
678,2018/10/17,30.85
679,2018/10/18,30.975
680,2018/10/19,30.976
681,2018/10/22,30.92
682,2018/10/23,30.985
683,2018/10/24,30.947
684,2018/10/25,30.996
685,2018/10/26,31.006
686,2018/10/29,30.996
687,2018/10/30,30.985
688,2018/10/31,30.968
689,2018/11/01,30.926
690,2018/11/02,30.738
691,2018/11/05,30.771
692,2018/11/06,30.782
693,2018/11/07,30.76
694,2018/11/08,30.702
695,2018/11/09,30.812
696,2018/11/12,30.888
697,2018/11/13,30.902
698,2018/11/14,30.932
699,2018/11/15,30.845
700,2018/11/16,30.888
701,2018/11/19,30.906
702,2018/11/20,30.908
703,2018/11/21,30.908
704,2018/11/22,30.894
705,2018/11/23,30.902
706,2018/11/26,30.886
707,2018/11/27,30.9
708,2018/11/28,30.91
709,2018/11/29,30.84
710,2018/11/30,30.85
711,2018/12/03,30.752
712,2018/12/04,30.705
713,2018/12/05,30.806
714,2018/12/06,30.857
715,2018/12/07,30.841
716,2018/12/10,30.877
717,2018/12/11,30.894
718,2018/12/12,30.881
719,2018/12/13,30.85
720,2018/12/14,30.867
721,2018/12/17,30.87
722,2018/12/18,30.87
723,2018/12/19,30.813
724,2018/12/20,30.843
725,2018/12/21,30.8
726,2018/12/22,30.824
727,2018/12/24,30.838
728,2018/12/25,30.81
729,2018/12/26,30.815
730,2018/12/27,30.802
731,2018/12/28,30.733
732,2019/01/02,30.794
733,2019/01/03,30.886
734,2019/01/04,30.863
735,2019/01/07,30.812
736,2019/01/08,30.836
737,2019/01/09,30.801
738,2019/01/10,30.782
739,2019/01/11,30.802
740,2019/01/14,30.851
741,2019/01/15,30.82
742,2019/01/16,30.831
743,2019/01/17,30.852
744,2019/01/18,30.842
745,2019/01/21,30.851
746,2019/01/22,30.896
747,2019/01/23,30.892
748,2019/01/24,30.885
749,2019/01/25,30.825
750,2019/01/28,30.79
751,2019/01/29,30.811
752,2019/01/30,30.776
753,2019/02/11,30.809
754,2019/02/12,30.831
755,2019/02/13,30.831
756,2019/02/14,30.833
757,2019/02/15,30.85
758,2019/02/18,30.843
759,2019/02/19,30.846
760,2019/02/20,30.824
761,2019/02/21,30.83
762,2019/02/22,30.822
763,2019/02/25,30.793
764,2019/02/26,30.783
765,2019/02/27,30.775
766,2019/03/04,30.83
767,2019/03/05,30.847
768,2019/03/06,30.852
769,2019/03/07,30.869
770,2019/03/08,30.902
771,2019/03/11,30.91
772,2019/03/12,30.905
773,2019/03/13,30.91
774,2019/03/14,30.901
775,2019/03/15,30.888
776,2019/03/18,30.832
777,2019/03/19,30.838
778,2019/03/20,30.833
779,2019/03/21,30.816
780,2019/03/22,30.806
781,2019/03/25,30.83
782,2019/03/26,30.835
783,2019/03/27,30.856
784,2019/03/28,30.856
785,2019/03/29,30.825
786,2019/04/01,30.801
787,2019/04/02,30.843
788,2019/04/03,30.817
789,2019/04/08,30.845
790,2019/04/09,30.841
791,2019/04/10,30.845
792,2019/04/11,30.866
793,2019/04/12,30.88
794,2019/04/15,30.866
795,2019/04/16,30.874
796,2019/04/17,30.848
797,2019/04/18,30.841
798,2019/04/19,30.842
799,2019/04/22,30.856
800,2019/04/23,30.858
801,2019/04/24,30.875
802,2019/04/25,30.905
803,2019/04/26,30.907
804,2019/04/29,30.897
805,2019/04/30,30.905
806,2019/05/02,30.905
807,2019/05/03,30.907
808,2019/05/06,30.925
809,2019/05/07,30.911
810,2019/05/08,30.92
811,2019/05/09,30.956
812,2019/05/10,30.958
813,2019/05/13,31.082
814,2019/05/14,31.128
815,2019/05/15,31.11
816,2019/05/16,31.165
817,2019/05/17,31.297
818,2019/05/20,31.385
819,2019/05/21,31.46
820,2019/05/22,31.53
821,2019/05/23,31.547
822,2019/05/24,31.52
823,2019/05/27,31.45
824,2019/05/28,31.484
825,2019/05/29,31.581
826,2019/05/30,31.61
827,2019/05/31,31.612
828,2019/06/03,31.503
829,2019/06/04,31.48
830,2019/06/05,31.39
831,2019/06/06,31.402
832,2019/06/10,31.436
833,2019/06/11,31.436
834,2019/06/12,31.43
835,2019/06/13,31.512
836,2019/06/14,31.53
837,2019/06/17,31.52
838,2019/06/18,31.528
839,2019/06/19,31.35
840,2019/06/20,31.175
841,2019/06/21,31.15
842,2019/06/24,31.11
843,2019/06/25,31.115
844,2019/06/26,31.14
845,2019/06/27,31.101
846,2019/06/28,31.072
847,2019/07/01,31.002
848,2019/07/02,31.052
849,2019/07/03,31.13
850,2019/07/04,31.102
851,2019/07/05,31.107
852,2019/07/08,31.196
853,2019/07/09,31.181
854,2019/07/10,31.16
855,2019/07/11,31.026
856,2019/07/12,31.081
857,2019/07/15,31.052
858,2019/07/16,31.042
859,2019/07/17,31.075
860,2019/07/18,31.077
861,2019/07/19,31.05
862,2019/07/22,31.083
863,2019/07/23,31.091
864,2019/07/24,31.084
865,2019/07/25,31.085
866,2019/07/26,31.09
867,2019/07/29,31.102
868,2019/07/30,31.075
869,2019/07/31,31.096
870,2019/08/01,31.182
871,2019/08/02,31.376
872,2019/08/05,31.628
873,2019/08/06,31.51
874,2019/08/07,31.487
875,2019/08/08,31.363
876,2019/08/12,31.4
877,2019/08/13,31.506
878,2019/08/14,31.402
879,2019/08/15,31.405
880,2019/08/16,31.366
881,2019/08/19,31.352
882,2019/08/20,31.405
883,2019/08/21,31.366
884,2019/08/22,31.384
885,2019/08/23,31.402
886,2019/08/26,31.451
887,2019/08/27,31.415
888,2019/08/28,31.42
889,2019/08/29,31.442
890,2019/08/30,31.41
891,2019/09/02,31.402
892,2019/09/03,31.432
893,2019/09/04,31.365
894,2019/09/05,31.28
895,2019/09/06,31.257
896,2019/09/09,31.25
897,2019/09/10,31.23
898,2019/09/11,31.22
899,2019/09/12,31.055
900,2019/09/16,31.002
901,2019/09/17,31.035
902,2019/09/18,31.0
903,2019/09/19,31.006
904,2019/09/20,30.98
905,2019/09/23,31.057
906,2019/09/24,31.013
907,2019/09/25,31.034
908,2019/09/26,31.04
909,2019/09/27,31.042
910,2019/10/01,31.045
911,2019/10/02,31.063
912,2019/10/03,31.064
913,2019/10/04,30.973
914,2019/10/07,30.902
915,2019/10/08,30.842
916,2019/10/09,30.85
917,2019/10/14,30.62
918,2019/10/15,30.686
919,2019/10/16,30.722
920,2019/10/17,30.681
921,2019/10/18,30.611
922,2019/10/21,30.592
923,2019/10/22,30.594
924,2019/10/23,30.611
925,2019/10/24,30.586
926,2019/10/25,30.594
927,2019/10/28,30.572
928,2019/10/29,30.522
929,2019/10/30,30.533
930,2019/10/31,30.462
931,2019/11/01,30.479
932,2019/11/04,30.405
933,2019/11/05,30.371
934,2019/11/06,30.4
935,2019/11/07,30.406
936,2019/11/08,30.412
937,2019/11/11,30.435
938,2019/11/12,30.422
939,2019/11/13,30.503
940,2019/11/14,30.582
941,2019/11/15,30.538
942,2019/11/18,30.501
943,2019/11/19,30.509
944,2019/11/20,30.5
945,2019/11/21,30.524
946,2019/11/22,30.517
947,2019/11/25,30.507
948,2019/11/26,30.512
949,2019/11/27,30.515
950,2019/11/28,30.505
951,2019/11/29,30.513
952,2019/12/02,30.509
953,2019/12/03,30.507
954,2019/12/04,30.508
955,2019/12/05,30.5
956,2019/12/06,30.5
957,2019/12/09,30.502
958,2019/12/10,30.503
959,2019/12/11,30.505
960,2019/12/12,30.406
961,2019/12/13,30.317
962,2019/12/16,30.263
963,2019/12/17,30.21
964,2019/12/18,30.233
965,2019/12/19,30.208
966,2019/12/20,30.21
967,2019/12/23,30.215
968,2019/12/24,30.205
969,2019/12/25,30.203
970,2019/12/26,30.201
971,2019/12/27,30.203
972,2019/12/30,30.135
973,2019/12/31,30.106
974,2020/01/02,30.114
975,2020/01/03,30.105
976,2020/01/06,30.11
977,2020/01/07,30.082
978,2020/01/08,30.087
979,2020/01/09,30.008
980,2020/01/10,30.019
981,2020/01/13,29.952
982,2020/01/14,29.942
983,2020/01/15,29.95
984,2020/01/16,29.955
985,2020/01/17,29.96
986,2020/01/20,29.96
987,2020/01/30,30.277
988,2020/01/31,30.25
989,2020/02/03,30.332
990,2020/02/04,30.207
991,2020/02/05,30.152
992,2020/02/06,30.082
993,2020/02/07,30.126
994,2020/02/10,30.102
995,2020/02/11,30.068
996,2020/02/12,30.032
997,2020/02/13,30.037
998,2020/02/14,30.051
999,2020/02/17,30.056
1000,2020/02/18,30.125
1001,2020/02/19,30.152
1002,2020/02/20,30.254
1003,2020/02/21,30.403
1004,2020/02/24,30.472
1005,2020/02/25,30.402
1006,2020/02/26,30.383
1007,2020/02/27,30.33
1008,2020/03/02,30.124
1009,2020/03/03,30.087
1010,2020/03/04,30.038
1011,2020/03/05,29.96
1012,2020/03/06,30.04
1013,2020/03/09,30.13
1014,2020/03/10,30.036
1015,2020/03/11,30.095
1016,2020/03/12,30.15
1017,2020/03/13,30.21
1018,2020/03/16,30.22
1019,2020/03/17,30.25
1020,2020/03/18,30.276
1021,2020/03/19,30.506
1022,2020/03/20,30.302
1023,2020/03/23,30.405
1024,2020/03/24,30.316
1025,2020/03/25,30.325
1026,2020/03/26,30.306
1027,2020/03/27,30.236
1028,2020/03/30,30.25
1029,2020/03/31,30.254
1030,2020/04/01,30.308
1031,2020/04/06,30.231
1032,2020/04/07,30.152
1033,2020/04/08,30.16
1034,2020/04/09,30.152
1035,2020/04/10,30.103
1036,2020/04/13,30.12
1037,2020/04/14,30.071
1038,2020/04/15,30.031
1039,2020/04/16,30.12
1040,2020/04/17,30.102
1041,2020/04/20,30.072
1042,2020/04/21,30.102
1043,2020/04/22,30.1
1044,2020/04/23,30.072
1045,2020/04/24,30.08
1046,2020/04/27,30.025
1047,2020/04/28,30.036
1048,2020/04/29,29.951
1049,2020/04/30,29.802
1050,2020/05/04,29.9
1051,2020/05/05,29.88
1052,2020/05/06,29.91
1053,2020/05/07,29.95
1054,2020/05/08,29.902
1055,2020/05/11,29.861
1056,2020/05/12,29.92
1057,2020/05/13,29.906
1058,2020/05/14,29.948
1059,2020/05/15,29.95
1060,2020/05/18,29.98
1061,2020/05/19,29.95
1062,2020/05/20,29.96
1063,2020/05/21,29.95
1064,2020/05/22,30.009
1065,2020/05/25,30.076
1066,2020/05/26,29.988
1067,2020/05/27,30.03
1068,2020/05/28,30.045
1069,2020/05/29,30.032
1070,2020/06/01,29.952
1071,2020/06/02,29.988
1072,2020/06/03,29.905
1073,2020/06/04,29.926
1074,2020/06/05,29.839
1075,2020/06/08,29.811
1076,2020/06/09,29.803
1077,2020/06/10,29.716
1078,2020/06/11,29.733
1079,2020/06/12,29.762
1080,2020/06/15,29.77
1081,2020/06/16,29.704
1082,2020/06/17,29.682
1083,2020/06/18,29.655
1084,2020/06/19,29.66
1085,2020/06/22,29.66
1086,2020/06/23,29.635
1087,2020/06/24,29.64
1088,2020/06/29,29.625
1089,2020/06/30,29.66
1090,2020/07/01,29.612
1091,2020/07/02,29.586
1092,2020/07/03,29.609
1093,2020/07/06,29.551
1094,2020/07/07,29.58
1095,2020/07/08,29.606
1096,2020/07/09,29.581
1097,2020/07/10,29.613
1098,2020/07/13,29.584
1099,2020/07/14,29.595
1100,2020/07/15,29.582
1101,2020/07/16,29.596
1102,2020/07/17,29.593
1103,2020/07/20,29.565
1104,2020/07/21,29.553
1105,2020/07/22,29.527
1106,2020/07/23,29.536
1107,2020/07/24,29.556
1108,2020/07/27,29.507
1109,2020/07/28,29.502
1110,2020/07/29,29.501
1111,2020/07/30,29.521
1112,2020/07/31,29.502
1113,2020/08/03,29.531
1114,2020/08/04,29.539
1115,2020/08/05,29.506
1116,2020/08/06,29.503
1117,2020/08/07,29.514
1118,2020/08/10,29.52
1119,2020/08/11,29.531
1120,2020/08/12,29.54
1121,2020/08/13,29.536
1122,2020/08/14,29.542
1123,2020/08/17,29.526
1124,2020/08/18,29.518
1125,2020/08/19,29.508
1126,2020/08/20,29.522
1127,2020/08/21,29.512
1128,2020/08/24,29.517
1129,2020/08/25,29.507
1130,2020/08/26,29.515
1131,2020/08/27,29.51
1132,2020/08/28,29.521
1133,2020/08/31,29.526
1134,2020/09/01,29.521
1135,2020/09/02,29.526
1136,2020/09/03,29.531
1137,2020/09/04,29.537
1138,2020/09/07,29.524
1139,2020/09/08,29.505
1140,2020/09/09,29.53
1141,2020/09/10,29.519
1142,2020/09/11,29.506
1143,2020/09/14,29.486
1144,2020/09/15,29.38
1145,2020/09/16,29.308
1146,2020/09/17,29.31
1147,2020/09/18,29.152
1148,2020/09/21,29.158
1149,2020/09/22,29.202
1150,2020/09/23,29.216
1151,2020/09/24,29.318
1152,2020/09/25,29.275
1153,2020/09/28,29.22
1154,2020/09/29,29.151
1155,2020/09/30,29.126
1156,2020/10/05,29.02
1157,2020/10/06,28.96
1158,2020/10/07,28.965
1159,2020/10/08,28.966
1160,2020/10/12,28.909
1161,2020/10/13,28.92
1162,2020/10/14,28.952
1163,2020/10/15,28.96
1164,2020/10/16,28.979
1165,2020/10/19,28.95
1166,2020/10/20,28.932
1167,2020/10/21,28.892
1168,2020/10/22,28.903
1169,2020/10/23,28.917
1170,2020/10/26,28.902
1171,2020/10/27,28.872
1172,2020/10/28,28.906
1173,2020/10/29,28.914
1174,2020/10/30,28.925
1175,2020/11/02,28.909
1176,2020/11/03,28.92
1177,2020/11/04,29.006
1178,2020/11/05,28.874
1179,2020/11/06,28.876
1180,2020/11/09,28.825
1181,2020/11/10,28.856
1182,2020/11/11,28.83
1183,2020/11/12,28.86
1184,2020/11/13,28.847
1185,2020/11/16,28.81
1186,2020/11/17,28.815
1187,2020/11/18,28.758
1188,2020/11/19,28.818
1189,2020/11/20,28.82
1190,2020/11/23,28.803
1191,2020/11/24,28.831
1192,2020/11/25,28.816
1193,2020/11/26,28.811
1194,2020/11/27,28.811
1195,2020/11/30,28.824
1196,2020/12/01,28.837
1197,2020/12/02,28.766
1198,2020/12/03,28.668
1199,2020/12/04,28.521
1200,2020/12/07,28.534
1201,2020/12/08,28.516
1202,2020/12/09,28.51
1203,2020/12/10,28.506
1204,2020/12/11,28.44
1205,2020/12/14,28.45
1206,2020/12/15,28.46
1207,2020/12/16,28.476
1208,2020/12/17,28.481
1209,2020/12/18,28.489
1210,2020/12/21,28.517
1211,2020/12/22,28.545
1212,2020/12/23,28.555
1213,2020/12/24,28.533
1214,2020/12/25,28.541
1215,2020/12/28,28.525
1216,2020/12/29,28.515
1217,2020/12/30,28.507
1218,2020/12/31,28.508
1219,2021/01/04,28.424
1220,2021/01/05,28.402
1221,2021/01/06,28.407
1222,2021/01/07,28.429
1223,2021/01/08,28.457
1224,2021/01/11,28.485
1225,2021/01/12,28.481
1226,2021/01/13,28.445
1227,2021/01/14,28.467
1228,2021/01/15,28.48
1229,2021/01/18,28.49
1230,2021/01/19,28.471
1231,2021/01/20,28.415
1232,2021/01/21,28.373
1233,2021/01/22,28.381
1234,2021/01/25,28.391
1235,2021/01/26,28.41
1236,2021/01/27,28.38
1237,2021/01/28,28.422
1238,2021/01/29,28.412
1239,2021/02/01,28.385
1240,2021/02/02,28.387
1241,2021/02/03,28.377
1242,2021/02/04,28.382
1243,2021/02/05,28.39
1244,2021/02/17,28.38
1245,2021/02/18,28.33
1246,2021/02/19,28.338
1247,2021/02/22,28.336
1248,2021/02/23,28.302
1249,2021/02/24,28.306
1250,2021/02/25,28.256
1251,2021/02/26,28.306
1252,2021/03/02,28.319
1253,2021/03/03,28.258
1254,2021/03/04,28.266
1255,2021/03/05,28.276
1256,2021/03/08,28.303
1257,2021/03/09,28.39
1258,2021/03/10,28.326
1259,2021/03/11,28.241
1260,2021/03/12,28.187
1261,2021/03/15,28.243
1262,2021/03/16,28.263
1263,2021/03/17,28.302
1264,2021/03/18,28.306
1265,2021/03/19,28.463
1266,2021/03/22,28.492
1267,2021/03/23,28.482
1268,2021/03/24,28.538
1269,2021/03/25,28.61
1270,2021/03/26,28.602
1271,2021/03/29,28.552
1272,2021/03/30,28.519
1273,2021/03/31,28.531
1274,2021/04/01,28.533
1275,2021/04/06,28.486
1276,2021/04/07,28.427
1277,2021/04/08,28.43
1278,2021/04/09,28.436
1279,2021/04/12,28.459
1280,2021/04/13,28.465
1281,2021/04/14,28.435
1282,2021/04/15,28.382
1283,2021/04/16,28.341
1284,2021/04/19,28.205
1285,2021/04/20,28.138
1286,2021/04/21,28.151
1287,2021/04/22,28.141
1288,2021/04/23,28.111
1289,2021/04/26,27.959
1290,2021/04/27,27.905
1291,2021/04/28,27.938
1292,2021/04/29,27.95
1293,2021/05/03,27.979
1294,2021/05/04,27.952
1295,2021/05/05,27.96
1296,2021/05/06,27.99
1297,2021/05/07,27.908
1298,2021/05/10,27.816
1299,2021/05/11,27.952
1300,2021/05/12,27.955
1301,2021/05/13,27.996
1302,2021/05/14,28.012
1303,2021/05/17,28.042
1304,2021/05/18,27.952
1305,2021/05/19,27.982
1306,2021/05/20,28.012
1307,2021/05/21,27.94
1308,2021/05/24,27.95
1309,2021/05/25,27.876
1310,2021/05/26,27.821
1311,2021/05/27,27.822
1312,2021/05/28,27.767
1313,2021/05/31,27.657
1314,2021/06/01,27.637
1315,2021/06/02,27.72
1316,2021/06/03,27.704
1317,2021/06/04,27.721
1318,2021/06/07,27.712
1319,2021/06/08,27.703
1320,2021/06/09,27.767
1321,2021/06/10,27.704
1322,2021/06/11,27.631
1323,2021/06/15,27.652
1324,2021/06/16,27.691
1325,2021/06/17,27.765
1326,2021/06/18,27.81
1327,2021/06/21,27.952
1328,2021/06/22,27.962
1329,2021/06/23,28.006
1330,2021/06/24,28.002
1331,2021/06/25,27.907
1332,2021/06/28,27.91
1333,2021/06/29,27.908
1334,2021/06/30,27.87
1335,2021/07/01,27.904
1336,2021/07/02,27.99
1337,2021/07/05,27.915
1338,2021/07/06,27.916
1339,2021/07/07,27.993
1340,2021/07/08,28.034
1341,2021/07/09,28.086
1342,2021/07/12,28.015
1343,2021/07/13,27.997
1344,2021/07/14,28.007
1345,2021/07/15,27.892
1346,2021/07/16,28.005
1347,2021/07/19,28.052
1348,2021/07/20,28.06
1349,2021/07/21,28.073
1350,2021/07/22,28.018
1351,2021/07/23,28.028
1352,2021/07/26,28.072
1353,2021/07/27,28.055
1354,2021/07/28,28.005
1355,2021/07/29,27.945
1356,2021/07/30,27.966
1357,2021/08/02,27.932
1358,2021/08/03,27.93
1359,2021/08/04,27.833
1360,2021/08/05,27.781
1361,2021/08/06,27.813
1362,2021/08/09,27.826
1363,2021/08/10,27.831
1364,2021/08/11,27.847
1365,2021/08/12,27.819
1366,2021/08/13,27.86
1367,2021/08/16,27.848
1368,2021/08/17,27.869
1369,2021/08/18,27.843
1370,2021/08/19,27.969
1371,2021/08/20,28.008
1372,2021/08/23,27.985
1373,2021/08/24,27.942
1374,2021/08/25,27.927
1375,2021/08/26,27.937
1376,2021/08/27,27.928
1377,2021/08/30,27.813
1378,2021/08/31,27.772
1379,2021/09/01,27.742
1380,2021/09/02,27.732
1381,2021/09/03,27.703
1382,2021/09/06,27.663
1383,2021/09/07,27.673
1384,2021/09/08,27.746
1385,2021/09/09,27.752
1386,2021/09/10,27.69
1387,2021/09/13,27.72
1388,2021/09/14,27.713
1389,2021/09/15,27.708
1390,2021/09/16,27.715
1391,2021/09/17,27.736
1392,2021/09/22,27.782
1393,2021/09/23,27.773
1394,2021/09/24,27.731
1395,2021/09/27,27.722
1396,2021/09/28,27.785
1397,2021/09/29,27.82
1398,2021/09/30,27.866
1399,2021/10/01,27.882
1400,2021/10/04,27.866
1401,2021/10/05,27.907
1402,2021/10/06,27.97
1403,2021/10/07,27.952
1404,2021/10/08,28.046
1405,2021/10/12,28.152
1406,2021/10/13,28.145
1407,2021/10/14,28.103
1408,2021/10/15,28.027
1409,2021/10/18,28.015
1410,2021/10/19,27.935
1411,2021/10/20,27.911
1412,2021/10/21,27.912
1413,2021/10/22,27.902
1414,2021/10/25,27.876
1415,2021/10/26,27.842
1416,2021/10/27,27.827
1417,2021/10/28,27.834
1418,2021/10/29,27.82
1419,2021/11/01,27.85
1420,2021/11/02,27.85
1421,2021/11/03,27.853
1422,2021/11/04,27.866
1423,2021/11/05,27.882
1424,2021/11/08,27.842
1425,2021/11/09,27.772
1426,2021/11/10,27.785
1427,2021/11/11,27.84
1428,2021/11/12,27.836
1429,2021/11/15,27.782
1430,2021/11/16,27.79
1431,2021/11/17,27.815
1432,2021/11/18,27.803
1433,2021/11/19,27.795
1434,2021/11/22,27.783
1435,2021/11/23,27.809
1436,2021/11/24,27.793
1437,2021/11/25,27.801
1438,2021/11/26,27.836
1439,2021/11/29,27.807
1440,2021/11/30,27.81
1441,2021/12/01,27.76
1442,2021/12/02,27.766
1443,2021/12/03,27.723
1444,2021/12/06,27.741
1445,2021/12/07,27.771
1446,2021/12/08,27.742
1447,2021/12/09,27.71
1448,2021/12/10,27.737
1449,2021/12/13,27.796
1450,2021/12/14,27.816
1451,2021/12/15,27.804
1452,2021/12/16,27.817
1453,2021/12/17,27.78
1454,2021/12/20,27.84
1455,2021/12/21,27.825
1456,2021/12/22,27.82
1457,2021/12/23,27.788
1458,2021/12/24,27.738
1459,2021/12/27,27.715
1460,2021/12/28,27.685
1461,2021/12/29,27.688
1462,2021/12/30,27.69
1463,2022/01/03,27.632
1464,2022/01/04,27.642
1465,2022/01/05,27.621
1466,2022/01/06,27.651
1467,2022/01/07,27.69
1468,2022/01/10,27.668
1469,2022/01/11,27.684
1470,2022/01/12,27.668
1471,2022/01/13,27.648
1472,2022/01/14,27.624
1473,2022/01/17,27.607
1474,2022/01/18,27.624
1475,2022/01/19,27.651
1476,2022/01/20,27.636
1477,2022/01/21,27.702
1478,2022/01/24,27.696
1479,2022/01/25,27.717
1480,2022/01/26,27.745
1481,2022/02/07,27.841
1482,2022/02/08,27.838
1483,2022/02/09,27.822
1484,2022/02/10,27.825
1485,2022/02/11,27.846
1486,2022/02/14,27.873
1487,2022/02/15,27.892
1488,2022/02/16,27.892
1489,2022/02/17,27.872
1490,2022/02/18,27.87
1491,2022/02/21,27.83
1492,2022/02/22,27.88
1493,2022/02/23,27.884
1494,2022/02/24,28.023
1495,2022/02/25,28.021
1496,2022/03/01,28.02
1497,2022/03/02,28.07
1498,2022/03/03,28.061
1499,2022/03/04,28.115
1500,2022/03/07,28.25
1501,2022/03/08,28.362
1502,2022/03/09,28.435
1503,2022/03/10,28.345
1504,2022/03/11,28.403
1505,2022/03/14,28.53
1506,2022/03/15,28.612
1507,2022/03/16,28.625
1508,2022/03/17,28.456
1509,2022/03/18,28.36
1510,2022/03/21,28.487
1511,2022/03/22,28.543
1512,2022/03/23,28.551
1513,2022/03/24,28.602
1514,2022/03/25,28.613
1515,2022/03/28,28.755
1516,2022/03/29,28.765
1517,2022/03/30,28.58
1518,2022/03/31,28.622
1519,2022/04/01,28.705
1520,2022/04/06,28.77
1521,2022/04/07,28.828
1522,2022/04/08,28.906
1523,2022/04/11,29.05
1524,2022/04/12,29.145
1525,2022/04/13,29.086
1526,2022/04/14,29.004
1527,2022/04/15,29.118
1528,2022/04/18,29.186
1529,2022/04/19,29.23
1530,2022/04/20,29.249
1531,2022/04/21,29.209
1532,2022/04/22,29.26
1533,2022/04/25,29.37
1534,2022/04/26,29.31
1535,2022/04/27,29.396
1536,2022/04/28,29.525
1537,2022/04/29,29.48
1538,2022/05/03,29.53
1539,2022/05/04,29.525
1540,2022/05/05,29.509
1541,2022/05/06,29.66
1542,2022/05/09,29.733
1543,2022/05/10,29.712
1544,2022/05/11,29.705
1545,2022/05/12,29.823
1546,2022/05/13,29.807
1547,2022/05/16,29.814
1548,2022/05/17,29.732
1549,2022/05/18,29.71
1550,2022/05/19,29.769
1551,2022/05/20,29.655
1552,2022/05/23,29.62
1553,2022/05/24,29.622
1554,2022/05/25,29.556
1555,2022/05/26,29.505
1556,2022/05/27,29.35
1557,2022/05/30,29.144
1558,2022/05/31,29.065
1559,2022/06/01,29.27
1560,2022/06/02,29.388
1561,2022/06/06,29.415
1562,2022/06/07,29.514
1563,2022/06/08,29.52
1564,2022/06/09,29.526
1565,2022/06/10,29.584
1566,2022/06/13,29.742
1567,2022/06/14,29.708
1568,2022/06/15,29.74
1569,2022/06/16,29.735
1570,2022/06/17,29.72
1571,2022/06/20,29.74
1572,2022/06/21,29.715
1573,2022/06/22,29.79
1574,2022/06/23,29.782
1575,2022/06/24,29.732
1576,2022/06/27,29.612
1577,2022/06/28,29.64
1578,2022/06/29,29.682
1579,2022/06/30,29.726
1580,2022/07/01,29.755
1581,2022/07/04,29.745
1582,2022/07/05,29.765
1583,2022/07/06,29.81
1584,2022/07/07,29.79
1585,2022/07/08,29.782
1586,2022/07/11,29.818
1587,2022/07/12,29.895
1588,2022/07/13,29.855
1589,2022/07/14,29.889
1590,2022/07/15,29.946
1591,2022/07/18,29.914
1592,2022/07/19,29.902
1593,2022/07/20,29.896
1594,2022/07/21,29.89
1595,2022/07/22,29.916
1596,2022/07/25,29.908
1597,2022/07/26,29.914
1598,2022/07/27,29.933
1599,2022/07/28,29.928
1600,2022/07/29,29.938
1601,2022/08/01,29.98
1602,2022/08/02,29.996
1603,2022/08/03,29.99
1604,2022/08/04,29.994
1605,2022/08/05,29.95
1606,2022/08/08,29.996
1607,2022/08/09,29.99
1608,2022/08/10,29.997
1609,2022/08/11,29.942
1610,2022/08/12,29.97
1611,2022/08/15,29.99
1612,2022/08/16,29.994
1613,2022/08/17,29.981
1614,2022/08/18,29.991
1615,2022/08/19,30.02
1616,2022/08/22,30.095
1617,2022/08/23,30.204
1618,2022/08/24,30.271
1619,2022/08/25,30.194
1620,2022/08/26,30.218
1621,2022/08/29,30.396
1622,2022/08/30,30.468
1623,2022/08/31,30.435
1624,2022/09/01,30.531
1625,2022/09/02,30.588
1626,2022/09/05,30.71
1627,2022/09/06,30.746
1628,2022/09/07,30.928
1629,2022/09/08,30.895
1630,2022/09/12,30.87
1631,2022/09/13,30.89
1632,2022/09/14,31.088
1633,2022/09/15,31.13
1634,2022/09/16,31.293
1635,2022/09/19,31.35
1636,2022/09/20,31.345
1637,2022/09/21,31.44
1638,2022/09/22,31.616
1639,2022/09/23,31.665
1640,2022/09/26,31.818
1641,2022/09/27,31.78
1642,2022/09/28,31.871
1643,2022/09/29,31.847
1644,2022/09/30,31.743
1645,2022/10/03,31.868
1646,2022/10/04,31.748
1647,2022/10/05,31.568
1648,2022/10/06,31.53
1649,2022/10/07,31.668
1650,2022/10/11,31.867
1651,2022/10/12,31.839
1652,2022/10/13,31.889
1653,2022/10/14,31.884
1654,2022/10/17,31.997
1655,2022/10/18,31.994
1656,2022/10/19,32.022
1657,2022/10/20,32.107
1658,2022/10/21,32.188
1659,2022/10/24,32.226
1660,2022/10/25,32.319
1661,2022/10/26,32.215
1662,2022/10/27,32.108
1663,2022/10/28,32.148
1664,2022/10/31,32.21
1665,2022/11/01,32.179
1666,2022/11/02,32.17
1667,2022/11/03,32.245
1668,2022/11/04,32.185
1669,2022/11/07,32.082
1670,2022/11/08,32.062
1671,2022/11/09,31.903
1672,2022/11/10,31.905
1673,2022/11/11,31.41
1674,2022/11/14,31.116
1675,2022/11/15,31.105
1676,2022/11/16,31.115
1677,2022/11/17,31.158
1678,2022/11/18,31.17
1679,2022/11/21,31.21
1680,2022/11/22,31.213
1681,2022/11/23,31.218
